"name","player","pos","team","rank","risk"
"JJWATT","J.J. Watt","DE","HOU",1.8,1.3
"LAVONTEDAVID","Lavonte David","LB","TB",2.5,0.5
"LUKEKUECHLY","Luke Kuechly","LB","CAR",3,1
"VONTAZEBURFICT","Vontaze Burfict","LB","CIN",4.3,0.8
"ROBERTQUINN","Robert Quinn","DE","STL",4.8,3
"PAULPOSLUSZNY","Paul Posluszny","LB","JAC",6.3,1.6
"CHANDLERJONES","Chandler Jones","DE","NE",7,0
"DERRICKJOHNSON","Derrick Johnson","LB","KC",7.5,1.5
"PATRICKWILLIS","Patrick Willis","LB","SF",8,0
"BOBBYWAGNER","Bobby Wagner","LB","SEA",11.3,1.1
"KARLOSDANSBY","Karlos Dansby","LB","CLE",12,1.2
"JERODMAYO","Jerod Mayo","LB","NE",13.3,3.7
"GREGHARDY","Greg Hardy","DE","CAR",15,1.9
"JAMESLAURINAITIS","James Laurinaitis","LB","STL",15.5,4.6
"PAULWORRILOW","Paul Worrilow","LB","ATL",15.8,2.3
"CAMERONWAKE","Cameron Wake","DE","MIA",16.8,2
"ALECOGLETREE","Alec Ogletree","LB","STL",17.5,4
"BRIANCUSHING","Brian Cushing","LB","HOU",17.8,2.9
"JASONPIERREPAUL","Jason Pierre-Paul","DE","NYG",23,9.5
"BARRYCHURCH","Barry Church","S","DAL",26.8,9.7
"ROBNINKOVICH","Rob Ninkovich","DE","NE",27.5,4.6
"MARIOWILLIAMS","Mario Williams","DE","BUF",27.8,3.1
"HARRISONSMITH","Harrison Smith","S","MIN",28,10
"DEMARCUSWARE","Demarcus Ware","DE","DEN",28.3,9.7
"CALAISCAMPBELL","Calais Campbell","DE","ARI",28.5,2.3
"CHADGREENWAY","Chad Greenway","LB","MIN",29,9.7
"MORGANBURNETT","Morgan Burnett","S","GB",29.5,8.2
"MUHAMMADWILKERSON","Muhammad Wilkerson","DE","NYJ",33.5,10.8
"CAMERONJORDAN","Cameron Jordan","DE","NO",34.8,6.1
"ERICWEDDLE","Eric Weddle","S","SD",36.3,13
"DQWELLJACKSON","D'Qwell Jackson","LB","IND",36.3,10
"CARLOSDUNLAP","Carlos Dunlap","DE","CIN",37.5,5.3
"MYCHALKENDRICKS","Mychal Kendricks","LB","PHI",38.5,21
"WESLEYWOODYARD","Wesley Woodyard","LB","TEN",39.8,16.9
"DONALDBUTLER","Donald Butler","LB","SD",40,11
"LAWRENCETIMMONS","Lawrence Timmons","LB","PIT",40.3,7
"THOMASDAVIS","Thomas Davis","LB","CAR",40.3,12.7
"JERRELLFREEMAN","Jerrell Freeman","LB","IND",40.5,12.9
"CURTISLOFTON","Curtis Lofton","LB","NO",40.8,5.4
"VONMILLER","Von Miller","LB","DEN",41,13.2
"DARYLSMITH","Daryl Smith","LB","BAL",41.3,3.8
"TJWARD","T.J. Ward","S","DEN",42,4.4
"PERRYRILEY","Perry Riley","LB","WAS",43.3,10.3
"DEMECORYANS","DeMeco Ryans","LB","PHI",44,7.7
"LAMARRHOUSTON","Lamarr Houston","DE","CHI",45.5,12.1
"EZEKIELANSAH","Ezekiel Ansah","DE","DET",45.8,13.7
"DANNYTREVATHAN","Danny Trevathan","LB","DEN",46,26.4
"JOHNATHANCYPRIEN","Johnathan Cyprien","S","JAC",46.8,16
"CJMOSLEY","C.J. Mosley","LB","BAL",46.8,14.8
"OLIVIERVERNON","Olivier Vernon","DE","MIA",47.5,12.1
"CHARLESJOHNSON","Charles Johnson","DE","CAR",47.8,7.2
"STEPHENTULLOCH","Stephen Tulloch","LB","DET",48.3,9.4
"MARKBARRON","Mark Barron","S","TB",51.5,10.4
"MICHAELJOHNSON","Michael Johnson","DE","TB",53.5,8
"RYANSHAZIER","Ryan Shazier","LB","PIT",54,18.4
"KENNYVACCARO","Kenny Vaccaro","S","NO",56.5,18.3
"ERICBERRY","Eric Berry","S","KC",56.5,10.6
"BERNARDPOLLARD","Bernard Pollard","S","TEN",58.3,7.6
"BRADJONES","Brad Jones","LB","GB",59.7,22.1
"JUSTINHOUSTON","Justin Houston","LB","KC",60.3,12.7
"DEANDRELEVY","DeAndre Levy","LB","DET",61.3,2.1
"KHALILMACK","Khalil Mack","LB","OAK",61.5,35.5
"EARLTHOMAS","Earl Thomas","S","SEA",61.5,16.5
"TYVONBRANCH","Tyvon Branch","S","OAK",62.3,16.6
"NICKROACH","Nick Roach","LB","OAK",62.5,6.4
"MASONFOSTER","Mason Foster","LB","TB",63.3,7.3
"JAMIECOLLINS","Jamie Collins","LB","NE",64.7,11.8
"ANTRELROLLE","Antrel Rolle","S","NYG",65.3,3.6
"JAREDALLEN","Jared Allen","DE","CHI",67.8,4.9
"JUSTINTUCK","Justin Tuck","DE","OAK",69,6
"KEVINMINTER","Kevin Minter","LB","ARI",70,32.2
"GENOATKINS","Geno Atkins","DT","CIN",71.3,7.5
"LANCEBRIGGS","Lance Briggs","LB","CHI",72,13.6
"CHRISLONG","Chris Long","DE","STL",73,17.5
"NAVORROBOWMAN","Navorro Bowman","LB","SF",73,9.8
"CLIFFAVRIL","Cliff Avril","DE","SEA",73,4.3
"NIGELBRADHAM","Nigel Bradham","LB","BUF",73.5,6.5
"SHELDONRICHARDSON","Sheldon Richardson","DE","NYJ",74.3,6.5
"EVERSONGRIFFEN","Everson Griffen","DE","MIN",75,13
"ADRIANCLAYBORN","Adrian Clayborn","DE","TB",75.5,2.5
"JONBEASON","Jon Beason","LB","NYG",77.5,8.5
"ROMANHARPER","Roman Harper","S","CAR",77.5,1.5
"KOAMISI","Koa Misi","LB","MIA",78.5,1.5
"TYRANNMATHIEU","Tyrann Mathieu","S","ARI",79.3,24.6
"JERRYHUGHES","Jerry Hughes","DE","BUF",82,3
"STEVIEBROWN","Stevie Brown","S","NYG",82.3,7.4
"CLAYMATTHEWS","Clay Matthews","LB","GB",82.7,22.7
"JURRELLCASEY","Jurrell Casey","DT","TEN",82.8,17.9
"JOPLOBARTU","Joplo Bartu","LB","ATL",83.5,5.5
"WILLIAMMOORE","William Moore","S","ATL",83.7,7.4
"LARONLANDRY","LaRon Landry","S","IND",85,25.6
"BRIANROBISON","Brian Robison","DE","MIN",86,3
"JASONWORILDS","Jason Worilds","LB","PIT",86.5,2.5
"KAMCHANCELLOR","Kam Chancellor","S","SEA",87.7,5.9
"GERALDMCCOY","Gerald McCoy","DT","TB",88.3,8.2
"MICHAELBENNETT","Michael Bennett","DT","SEA",89.3,21.8
"DAVIDHARRIS","David Harris","LB","NYJ",91,5
"EMMANUELLAMUR","Emmanuel Lamur","LB","CIN",92.5,1.5
"DONTEWHITNER","Donte Whitner","S","CLE",93.5,8.5
"ZACHBROWN","Zach Brown","LB","TEN",94,7.1
"DJWILLIAMS","D.J. Williams","LB","CHI",95.7,18
"RESHADJONES","Reshad Jones","S","MIA",96.7,32.9
"LAMARRWOODLEY","LaMarr Woodley","LB","OAK",97.5,24.5
"CHARLESTILLMAN","Charles Tillman","CB","CHI",99,6
"NDAMUKONGSUH","Ndamukong Suh","DT","DET",104,14.4
"DONTARIPOE","Dontari Poe","DT","KC",111,29
"BRUCECARTER","Bruce Carter","LB","DAL",116,31
